Statistics,NLP,Machine Learning,Deep Learning,R Language,Python Language,Data Engineering
statistical models,nlp,linear regression,tensorflow,r,python,aws
statistical modeling ,natural language processing,k means,keras,shiny,flask,data modeling
probability,topic modeling,random forest,deep learning,ggplot,pandas,data mining
hypothesis testing,lda,Machine Learning,rnn,,numpy,data analysis
factor analysis,named entity recognition,AI,cnn,,,data visualization
forecasting,pos tagging,Scikit-Learning,neural network,,,apache
,word2vec,,,,,kafka
,word embedding,,,,,spark
,lsi,,,,,druid
,,,,,,sql
,,,,,,nosql
